{"is_source_file": false, "format": "", "description": "", "external_files": [], "external_methods": [], "published": [], "classes": [], "methods": [], "calls": [], "search-terms": [], "state": 2, "file_id": 10, "knowledge_revision": 16, "git_revision": "cae2c9e5704410efda56f074a621614518a73b70", "hash": "6c2104b8d219ed99234ae2d6329f4357", "format-version": 4, "code-base-name": "frontend_notes_app", "filename": "frontend_notes_app/src/index.css", "revision_history": [{"16": "cae2c9e5704410efda56f074a621614518a73b70"}]}