{"is_source_file": false, "format": null, "description": "", "external_files": [], "external_methods": [], "published": [], "classes": [], "methods": [], "calls": [], "search-terms": [], "state": 2, "file_id": 8, "knowledge_revision": 19, "git_revision": "cae2c9e5704410efda56f074a621614518a73b70", "hash": "22f9e17cc1848b56dbb244518ac2707e", "format-version": 4, "code-base-name": "frontend_notes_app", "filename": "frontend_notes_app/src/App.css", "revision_history": [{"19": "cae2c9e5704410efda56f074a621614518a73b70"}]}