{"is_source_file": true, "format": "JavaScript", "description": "This file is a test setup file used for configuring Jest testing environment, specifically importing custom matchers from '@testing-library/jest-dom' to enhance DOM assertions in tests.", "external_files": ["@testing-library/jest-dom"], "external_methods": [], "published": [], "classes": [], "methods": [], "calls": ["import '@testing-library/jest-dom'"], "search-terms": ["setupTests.js", "Jest", "testing-library", "jest-dom", "test environment"], "state": 2, "file_id": 6, "knowledge_revision": 23, "git_revision": "cae2c9e5704410efda56f074a621614518a73b70", "ctags": [], "hash": "1a77571e1a8cf36018a41bcedf60db75", "format-version": 4, "code-base-name": "frontend_notes_app", "filename": "frontend_notes_app/src/setupTests.js", "revision_history": [{"23": "cae2c9e5704410efda56f074a621614518a73b70"}]}