{"is_source_file": false, "format": "", "description": "", "external_files": [], "external_methods": [], "published": [], "classes": [], "methods": [], "calls": [], "search-terms": [], "state": 2, "file_id": 3, "knowledge_revision": 15, "git_revision": "cae2c9e5704410efda56f074a621614518a73b70", "hash": "d2b40d02d5f7873d8a6713bad837edd4", "format-version": 4, "code-base-name": "frontend_notes_app", "filename": "frontend_notes_app/public/index.html", "revision_history": [{"15": "cae2c9e5704410efda56f074a621614518a73b70"}]}