{"is_source_file": true, "format": "JavaScript", "description": "This is an entry point script for a React-based frontend application, responsible for rendering the main <App /> component into the DOM.", "external_files": ["react", "react-dom/client", "./index.css", "./App"], "external_methods": ["ReactDOM.createRoot", "root.render"], "published": [], "classes": [], "methods": [{"name": "ReactDOM.createRoot", "description": "Creates a React root for rendering React components into the DOM."}, {"name": "root.render", "description": "Renders React elements into the created root."}], "calls": ["ReactDOM.createRoot", "root.render"], "search-terms": ["React", "ReactDOM", "index.js", "application entry point", "rendering"], "state": 2, "file_id": 9, "knowledge_revision": 25, "git_revision": "cae2c9e5704410efda56f074a621614518a73b70", "ctags": [{"_type": "tag", "name": "root", "path": "/home/kavia/workspace/code-generation/simple-notes-app-314512-314521/frontend_notes_app/src/index.js", "pattern": "/^const root = ReactDOM.createRoot(document.getElementById('root'));$/", "language": "JavaScript", "kind": "constant"}], "hash": "9fc5841375336fc175b49f8767a11383", "format-version": 4, "code-base-name": "frontend_notes_app", "filename": "frontend_notes_app/src/index.js", "revision_history": [{"25": "cae2c9e5704410efda56f074a621614518a73b70"}]}