{"is_source_file": false, "format": "", "description": "", "external_files": [], "external_methods": [], "published": [], "classes": [], "methods": [], "calls": [], "search-terms": [], "state": 2, "file_id": 11, "knowledge_revision": 20, "git_revision": "cae2c9e5704410efda56f074a621614518a73b70", "hash": "ebece526bc2eadd78ddd787a76c56607", "format-version": 4, "code-base-name": "frontend_notes_app", "filename": "frontend_notes_app/README.md", "revision_history": [{"20": "cae2c9e5704410efda56f074a621614518a73b70"}]}