{"is_source_file": false, "format": "", "description": "", "external_files": [], "external_methods": [], "published": [], "classes": [], "methods": [], "calls": [], "search-terms": [], "state": 2, "file_id": 2, "knowledge_revision": 14, "git_revision": "cae2c9e5704410efda56f074a621614518a73b70", "hash": "d001d53c059625c4bcf75bf5a7f3fcf0", "format-version": 4, "code-base-name": "frontend_notes_app", "filename": "frontend_notes_app/package.json", "revision_history": [{"14": "cae2c9e5704410efda56f074a621614518a73b70"}]}