{"is_source_file": false, "format": "", "description": "", "external_files": [], "external_methods": [], "published": [], "classes": [], "methods": [], "calls": [], "search-terms": [], "state": 2, "file_id": 1, "knowledge_revision": 17, "git_revision": "cae2c9e5704410efda56f074a621614518a73b70", "hash": "be6538e7523bc2e9da0743133d784136", "format-version": 4, "code-base-name": "frontend_notes_app", "filename": "frontend_notes_app/eslint.config.mjs", "revision_history": [{"17": "cae2c9e5704410efda56f074a621614518a73b70"}]}