{"is_source_file": false, "format": "", "description": "", "external_files": [], "external_methods": [], "published": [], "classes": [], "methods": [], "calls": [], "search-terms": [], "state": 2, "file_id": 4, "knowledge_revision": 18, "git_revision": "cae2c9e5704410efda56f074a621614518a73b70", "hash": "d9d975cebe2ec20b6c652e1e4c12ccf0", "format-version": 4, "code-base-name": "frontend_notes_app", "filename": "frontend_notes_app/public/manifest.json", "revision_history": [{"18": "cae2c9e5704410efda56f074a621614518a73b70"}]}