{"is_source_file": false, "format": "", "description": "", "external_files": [], "external_methods": [], "published": [], "classes": [], "methods": [], "calls": [], "search-terms": [], "state": 2, "file_id": 12, "knowledge_revision": 21, "git_revision": "db97af1ca91570df73a049861af5d7416549b134", "hash": "19ee5f8907f4ce6e1853a1d1eb03884f", "format-version": 4, "code-base-name": "frontend_notes_app", "filename": "README.md", "revision_history": [{"21": "db97af1ca91570df73a049861af5d7416549b134"}]}